USERNAME,TITLE,CONTENT,DATE
yash,Yo,<p>HJH</p>,2025-08-01T09:31:40.909Z
yash,Hi,<p>testing</p>,2025-08-01T09:32:45.407Z
yash,hiii,<p>i thought i wouldn’t be able to finish it but i did it</p>,2025-08-02T07:15:26.517Z
yash,Hii,"<p>My name is Yash. It was a very hectic day, there was lot’s of travelling and traffic.</p>",2025-08-04T06:05:44.597Z
yash,Hello,"<p>It was a very hectic day, did lots of travelling and currently I am very tired. I just want to rest</p>",2025-08-04T06:08:16.803Z
yash,Hello,"<p>It was a very hectic day, did lots of travelling and currently I am very tired. I just want to rest</p>",2025-08-04T06:10:58.256Z
yash,Hi,"<p>It was a very fantastic day. I got to spend my time with my college friends. We laughed do much, it refreshed my mood. Now i am very happy but I am also very tired and my legs hurt a lot.</p>",2025-08-04T06:34:36.300Z
yash,My best friend,"<p>I am feeling sad today. My best friend has shifted to USA for further studies, now we won’t be able to talk and play with each other the way we used to do.</p>",2025-08-04T06:38:41.071Z
yash,3rd Aug,<p>Today I went to meet my college friends we were making plans since June but due to some reasons we weren’t able to plan a meetup. But yesterday we were finally able to meet. We ate and laughed so much that I cannot forget this day. So much jokes and the amount of fun we had was unmatched.</p>,2025-08-04T06:41:09.394Z
yash,4th Aug,<p>I am very tired today. Yesterday I had to travel a lot so my legs hurt a lot. But my responsibilities come before my pain and that’s why I came to office today.</p>,2025-08-04T07:15:11.199Z
yash,4th Aug,<p>I am very tired today. Yesterday I had to travel a lot so my legs hurt a lot. But my responsibilities come before my pain and that’s why I came to office today.</p>,2025-08-04T07:21:11.987Z
yash,Yoo,<p>I feel very excited today. I am going to meet my best friend after 10 years. We met last when he was about to leave for US with his parents due to his father’s job transfer but now they are coming back. I am so excited to see him.</p>,2025-08-04T07:30:17.904Z
yash23,Hi,"<p>It was a very interesting day as it was my firast day of the internship. I met many new people, my mentor, his boss, his colleagues and many other people. It was a very fascinating day.</p>",2025-08-04T07:51:33.240Z
xyz,Hiii,<p>I am very happy today. I recieved my sem exam results today and I am very happy with the grade I recieved. I got a 9.36 grade</p>,2025-08-04T09:30:49.863Z
xyz,Hiii,<p>I am very happy today. I recieved my sem exam results today and I am very happy with the grade I recieved. I got a 9.36 grade</p>,2025-08-04T09:31:01.774Z
xyz,3rd Aug,<p>I met my college after 2 months. We cracked so many jokes and laughed so much. Ate a lot of different things. Though the time spent was less but as it is said quality over quantity.</p>,2025-08-04T09:42:23.530Z
yash,Yes,<p>My best part of the day was me completing me internship. I learnt a lot of new things. The 2months internship period were very inspiring and knowledgable for me</p>,2025-08-04T10:07:15.768Z
yash,Hi,<p>Yes I am very tensed about my internship project. I don’t know whether my mentor will like my work. I have put in a lot of effort to make this project.</p>,2025-08-04T10:09:33.964Z
yash,4th aug,<p>Today i finished my internship project. I just need to make some final touches so that it looks good and appealing. The only thing left is for my mentor to check it. Hope he likes it</p>,2025-08-05T06:11:32.573Z
yash,New testing,<p>This is just a test entry. I want to test how the project is working and looking.</p>,2025-08-05T07:22:18.182Z
yash,Test,<p>I went with my friends last Sunday. It was a very fun day</p>,2025-08-05T09:39:07.681Z
yash,test,<p>qqqqqqqqqqqqqqqqqqqqqqqqqqqqqqqqqqqqqqqqqqqqqqqqqqqqqqq</p>,2025-08-05T09:42:54.212Z
